name,lat,lng,layer
Ring Mountain — Petroglyph Rock,37.9105,-122.4931,rockArt
Ring Mountain #2,37.9086,-122.4882,rockArt
San Marin PCN Site,38.1233,-122.6012,rockArt
Canyon Trail Park — El Cerrito,37.9313,-122.3174,rockArt
Mira Vista Park — Richmond,37.9373,-122.3214,rockArt
Alvarado Park — Richmond,37.9522,-122.3224,rockArt
Wildcat Creek Cupule Rock,37.9415,-122.3042,rockArt
Stromer Spring — Ohlone Wilderness,37.5624,-121.7059,rockArt
Upper Crow Creek PCN,37.7678,-122.0352,rockArt
Black Hills Trail — possible PCN,37.7848,-121.7616,rockArt
Possible PCN — Brushy Peak area,37.76,-121.7073,rockArt
Evergreen Valley Cupule Rock,37.2772,-121.7493,rockArt
CCo-434 — Los Vaqueros Rock Art Complex,37.785,-121.72,rockArt
Live Oak Campground — Mt. Diablo pictograph cave,37.8502,-121.9374,rockArt
Elephant Rock — Mt. Diablo,37.8493,-121.9343,rockArt
Rock City — Mt. Diablo,37.8495,-121.9325,rockArt
Chitactac-Adams Heritage County Park,37.0307,-121.6573,rockArt
Circle of Circles — Morgan Hill,37.1741,-121.7361,rockArt
Lynch Canyon Rancher Petroglyph Rock,38.1939,-122.2011,rockArt
Cloverdale Petroglyph Boulder,38.812,-123.017,rockArt
Yorkville Petroglyphs,38.624,-123.268,rockArt
UC Hopland Research & Extension Center,38.972,-123.115,rockArt
Frog Woman Rock — Hopland,39.067,-123.189,rockArt
Lakeport area PCN / Baby Rocks,39.07,-122.92,rockArt
Knight's Valley Petroglyph Site,38.94,-123.3,rockArt
Spyrock Petroglyph Site — Eel River Canyon,39.86,-123.61,rockArt
Petroglyph Point — Lava Beds NM,41.848,-121.389,rockArt
Monte Bello — headwaters of Stevens Creek,37.325,-122.1819,rockArt
ALA-60 — Castro Valley,37.6947,-122.058,rockArt
Sulphur Spring — 18 cupule rock,37.7561,-121.7074,rockArt
Painted Rock — Carrizo Plain (La Piedra Pintada),35.154,-119.866,rockArt
Painted Rock — Tule River Reservation (CA-TUL-19),36.032,-118.715,rockArt
Rocky Hill Pictographs — Exeter (CA-TUL-326/998),36.32,-119.11,rockArt
Rocky Hill Pictographs — Porterville (CA-TUL-326),36.21,-118.95,rockArt
Tomo Kahni — Kawaiisu/Yokuts Ceremonial Site,35.13,-118.51,rockArt
Southern Sierra Pictograph Caves — Foothill Yokuts,36.7,-119.5,rockArt
Coso Rock Art District,35.969,-117.679,greatBasinRockArt
Chalfant Valley Petroglyphs,37.461,-118.408,greatBasinRockArt
Fish Slough Petroglyphs,37.48,-118.42,greatBasinRockArt
Lagomarsino Canyon,39.4435,-119.5693,greatBasinRockArt
Grimes Point,39.4015,-118.6476,greatBasinRockArt
Hickison Summit,39.449,-116.752,greatBasinRockArt
Toquima Cave,38.85,-116.85,greatBasinRockArt
Winnemucca Lake Petroglyphs,40.2,-119.3,greatBasinRockArt
Atlatl Rock,36.423,-114.551,greatBasinRockArt
Petroglyph Canyon / Mouse's Tank,36.441,-114.517,greatBasinRockArt
Grapevine Canyon,35.28,-114.72,greatBasinRockArt
Sloan Canyon,36.0,-115.07,greatBasinRockArt
Massacre Lake,41.08,-119.6,greatBasinRockArt
Garfield Flat,38.65,-118.45,greatBasinRockArt
East Walker River Sites,38.8,-119.2,greatBasinRockArt
Stillwater Range / Carson Sink,39.6,-118.4,greatBasinRockArt
Black Canyon (Pahranagat),37.25,-115.15,greatBasinRockArt
White River Narrows,38.15,-115.15,greatBasinRockArt
Mount Irish Archaeological District,37.65,-115.45,greatBasinRockArt
Red Rock Canyon,36.14,-115.45,greatBasinRockArt
Allen Springs,39.55,-118.35,greatBasinRockArt
Salt Cave,39.48,-118.55,greatBasinRockArt
Dynamite Cave,39.56,-118.48,greatBasinRockArt
Flat Top Cave & Game Trail,39.47,-118.42,greatBasinRockArt
Lakeview Reservoir,39.62,-118.68,greatBasinRockArt
"Pueblo Grande de Nevada — ""Lost City""",36.525,-114.443,greatBasinRockArt
Keyhole Canyon,35.52,-114.7,greatBasinRockArt
Christmas Tree Pass,35.33,-114.73,greatBasinRockArt
Arrowhead Canyon,36.12,-114.85,greatBasinRockArt
Dunphy Petroglyphs,40.73,-116.04,greatBasinRockArt
Humboldt County Rock Ledge,41.35,-117.65,greatBasinRockArt
Potts Cave,40.05,-117.15,greatBasinRockArt
Hiko Springs,37.59,-115.22,greatBasinRockArt
Smith Valley,38.78,-119.35,greatBasinRockArt
Whisky Flat,38.52,-118.38,greatBasinRockArt
Cottonwood Canyon,38.42,-118.6,greatBasinRockArt
Huntoon Valley,38.32,-118.82,greatBasinRockArt
Big George Cave,38.67,-117.2,greatBasinRockArt
Atomic Tanks,38.5,-117.1,greatBasinRockArt
Pole Canyon,40.38,-117.85,greatBasinRockArt
Star Peak Shelter,40.52,-118.1,greatBasinRockArt
Tunnel Cave,40.45,-118.2,greatBasinRockArt
Spanish Springs Valley,39.6,-119.6,greatBasinRockArt
Court of Antiquity,40.95,-119.5,greatBasinRockArt
Tunnel Canyon,39.3,-114.9,greatBasinRockArt
Rocking Rock Shelter,39.18,-114.85,greatBasinRockArt
Cluckamung Creek,39.05,-114.78,greatBasinRockArt
Vasquez Rocks (CA-LAn-363/375),34.487,-118.321,scRockArt
Kawaiisu Monolith Site (CA-Ker-93),35.13,-118.45,scRockArt
Teddy Bear Cave (CA-Ker-508),35.1,-118.55,scRockArt
"Tübatulabal Site, Lake Isabella (CA-Ker-17)",35.65,-118.48,scRockArt
Tule River Painted Rock (CA-Tul-19),36.032,-118.715,scRockArt
Rocky Hill Site (CA-Tul-63),36.18,-119.05,scRockArt
Yokuts Snake Panel (CA-Tul-32),36.1,-118.95,scRockArt
Tule River Polychrome Panel (CA-Tul-93),36.05,-118.68,scRockArt
"Painted Rock, Carrizo Plain (CA-SLO-79)",35.154,-119.866,scRockArt
Sierra Madre Ridge Sites (CA-SLO-100),35.05,-119.95,scRockArt
Chumash Painted Cave (Alaxuluxen),34.541,-119.787,scRockArt
Hurricane Deck (CA-SBa-1632),34.78,-119.8,scRockArt
Mount Piños / San Emigdio (CA-Ker-77),34.84,-119.13,scRockArt
Kitanemuk Village Site (CA-Ker-129),34.92,-118.52,scRockArt
Temblor Range Disputed Site (CA-Ker-160),35.22,-119.65,scRockArt
Creston Pictographs (Steward #95),35.52,-120.5,scRockArt
Jolon / San Miguelito Ranch Pictographs (Steward #98),35.97,-121.18,scRockArt
La Cueva Pintada — Cave of the Idols (Steward #99),35.82,-121.05,scRockArt
Tassajara Hand Cave — Church Creek (Steward #100),36.22,-121.55,scRockArt
Monterey / Carmelo Range Pictographs (Steward #101),36.4,-121.65,scRockArt
Meadow Lake,39.4452,-120.4847,martisRockArt
Donner Pass,39.3176,-120.3205,martisRockArt
Grouse Ridge,39.371,-120.621,martisRockArt
Spaulding Ridge,39.32,-120.605,martisRockArt
Rattlesnake Creek No. 1,39.36,-120.52,martisRockArt
Rattlesnake Creek No. 2,39.355,-120.515,martisRockArt
Cisco Grove No. 1,39.315,-120.55,martisRockArt
Cisco Grove No. 2,39.31,-120.555,martisRockArt
Canyon Creek,39.305,-120.59,martisRockArt
Gregory Pex,39.29,-120.58,martisRockArt
Soda Springs,39.3285,-120.3765,martisRockArt
Bear Valley,39.16,-120.68,martisRockArt
Skaters Pond,39.195,-120.45,martisRockArt
Lake Valley Reservoir,39.225,-120.475,martisRockArt
Walter Freeman,39.22,-120.46,martisRockArt
Willis Gortner,39.215,-120.465,martisRockArt
Big Pine,39.235,-120.455,martisRockArt
Log Cabin Creek,39.24,-120.42,martisRockArt
Swimming Hole,39.225,-120.435,martisRockArt
Pinehurst,39.27,-120.41,martisRockArt
Wabena,39.205,-120.48,martisRockArt
Palisade Creek,39.235,-120.395,martisRockArt
Devils Peak,39.235,-120.43,martisRockArt
Snow Mountain,39.25,-120.455,martisRockArt
"MF-B,P,Q",39.115,-120.49,martisRockArt
Long Lake,39.895,-121.28,martisRockArt
Lakes Basin,39.687,-120.645,martisRockArt
Jamison Creek,39.735,-120.71,martisRockArt
Bear Paw Falls,39.88,-121.26,martisRockArt
Hawley Lake,39.67,-120.605,martisRockArt
Lacey Valley,39.605,-120.32,martisRockArt
Spencer Lakes,39.64,-120.58,martisRockArt
Hawley Lake No. 29,39.665,-120.6,martisRockArt
Hawley Lake No. 30,39.668,-120.595,martisRockArt
Hawley Meadow,39.672,-120.59,martisRockArt
Gold Valley,39.65,-120.61,martisRockArt
Prehistoric Empire,39.655,-120.62,martisRockArt
Frazier Creek,39.76,-120.72,martisRockArt
Sunnyside Meadow,39.62,-120.68,martisRockArt
Salmon Lake,39.63,-120.595,martisRockArt
Lots-O-Granite,39.2,-120.4,martisRockArt
Sapaksi — The Painted Rock (SBa-502 / SBa-526),34.891,-119.653,chumashSacred
Burro Flats Painted Cave,34.231,-118.706,chumashSacred
Pool Rock (SBa-1632),34.875,-119.67,chumashSacred
Bear Track Cave (SBa-1627),34.868,-119.655,chumashSacred
Condor Cave (SBa-1633),34.882,-119.68,chumashSacred
Three Springs — Wind Wolves Preserve,34.94,-119.12,chumashSacred
House of the Two Suns,34.73,-119.61,chumashSacred
Indian Caves — San Marcos Pass,34.58,-119.82,chumashSacred
Mutau Flat Complex,34.75,-119.05,chumashSacred
Tule River Painted Rock,36.045,-118.78,chumashSacred
Montgomery Potrero — Sapaksi Sacred Grounds,34.892,-119.65,chumashSacred
Pine Corral Potrero — The Whale Rocks (First People),34.885,-119.62,chumashSacred
Salisbury Potrero — Sweetwater Trail to the Sisquoc,34.878,-119.6,chumashSacred
McPherson Peak — Sierra Madre Ridge Gateway,34.895,-119.76,chumashSacred
Mission San Luis Obispo de Tolosa (1772),35.2816,-120.6602,chumashSacred
Mission San Buenaventura (1782),34.2811,-119.2948,chumashSacred
Mission Santa Barbara (1786),34.4385,-119.7136,chumashSacred
Mission La Purísima Concepción (1787),34.673,-120.4193,chumashSacred
Mission Santa Inés (Santa Ynez) (1804),34.6121,-120.066,chumashSacred
Indian Caves — West of Santa Barbara (Steward #85),34.53,-119.85,chumashSacred
Najowe Valley Pictographs (Steward #86),34.55,-120.15,chumashSacred
Carrizo Plains Secondary Pictograph Site (Steward #124),35.05,-119.88,chumashSacred
Cornell Pictograph Site (Steward #126),34.08,-118.8,chumashSacred
Santa Cruz Island Pictograph Cave (Steward #129),34.02,-119.75,chumashSacred
Clear Lake Basin Petroglyphs,38.92,-122.78,pomoRockArt
Cloverdale Boulder (CA-MEN-1800),38.87,-123.0,pomoRockArt
Hopland PCN Boulders (UC Research Station),39.09,-123.12,pomoRockArt
Spyrock Road Petroglyphs (CA-MEN-1912),39.4,-123.35,pomoRockArt
Elledge Valley Baby Rock (Sonin 68),39.18,-123.2,pomoRockArt
Spyrock Road Petroglyphs (CA-MEN-1912),39.82,-123.42,yukiRockArt
Bell Springs Petroglyphs (CA-MEN-0433),39.85,-123.5,yukiRockArt
Slakaiya Rock (CA-TRI-1),40.05,-123.48,yukiRockArt
Coleman Creek Petroglyphs (Eel River),39.92,-123.45,yukiRockArt
Spyrock Station Petroglyphs,39.8,-123.45,yukiRockArt
Keystone Petroglyphs (CA-MEN-2200),39.15,-123.15,yukiRockArt
Feliz Creek Petroglyphs (CA-MEN-793),39.05,-123.12,yukiRockArt
Elledge Valley Baby Rock #2,39.02,-123.08,yukiRockArt
Petroglyph Point,41.7124,-121.5102,modocRockArt
Lava Beds Cave Pictographs — West Cluster,41.715,-121.52,modocRockArt
Lava Beds Cave Pictographs — South Cluster,41.705,-121.54,modocRockArt
Slakaiya Rock (CA-TRI-1),40.58,-123.45,wintuRockArt
Thomes Creek Fluted Point,39.95,-122.1,wintuRockArt
Lakes Basin Campground (CA-PLU-88),39.69,-120.63,maiduRockArt
Jamison Creek Petroglyphs,39.75,-120.68,maiduRockArt
Badenough Canyon (CA-SIE-391),39.58,-120.35,maiduRockArt
Salmon Lake Petroglyphs,39.62,-120.58,maiduRockArt
Frazier Creek Petroglyphs,39.65,-120.61,maiduRockArt
North Fork American River Petroglyphs,39.25,-120.35,maiduRockArt
Wabena Creek (CA-PLA-591),39.22,-120.4,maiduRockArt
Rattlesnake Creek (CA-NEV-504),39.31,-120.54,maiduRockArt
Cisco Grove Rock (CA-NEV-506),39.31,-120.57,maiduRockArt
Picayune Valley Petroglyphs,39.18,-120.45,maiduRockArt
Yorkville Petroglyphs,38.79,-123.08,pomoRockArt
Mendocino Coast PCN Petroglyphs,38.83,-123.63,pomoRockArt
UC Hopland — PCN Cupule Sites,39.01,-123.08,pomoRockArt
Glitter Rock (CA-MEN-2300),39.05,-123.12,pomoRockArt
Keystone (CA-MEN-2200),39.03,-123.05,pomoRockArt
"Tsagaglalal — ""She Who Watches""",45.649,-121.108,plateauRockArt
Vantage Petroglyphs — Wanapum,46.949,-120.003,plateauRockArt
Buffalo Eddy Petroglyphs,46.172,-116.93,plateauRockArt
Indian Painted Rocks — Spokane,47.775,-117.468,plateauRockArt
Bowl & Pitcher Petroglyphs,47.695,-117.496,plateauRockArt
Ice Harbor Dam Petroglyphs (Relocated),46.252,-118.876,plateauRockArt
Yakima Indian Painted Rocks,46.58,-120.6,plateauRockArt
Kettle Falls Petroglyphs,48.62,-118.07,plateauRockArt
Bear Paw Rock — Kalispel,48.16,-116.55,plateauRockArt
Black Mountain Rock Art District,34.98,-117.08,mojaveCeremonial
Eggshell Cave (CA-KER-341),35.0,-117.6,mojaveCeremonial
California City Cave (CA-KER-517),35.1,-117.9,mojaveCeremonial
Coso Rock Art District,36.04,-117.82,mojaveCeremonial
Hole-in-the-Wall Rock Art,35.0498,-115.399,mojaveRockArt
Cow Cove Petroglyphs,35.11,-115.56,mojaveRockArt
Indian Well / Eagle Well Petroglyphs,35.07,-115.18,mojaveRockArt
Black Tank Wash / Aiken Arch Rock Art,35.02,-115.62,mojaveRockArt
Mary's Cave,35.08,-115.45,mojaveRockArt
Grapevine Canyon Petroglyphs,35.22,-114.73,mojaveRockArt
Rodman Mountains Petroglyph Canyons,34.68,-116.62,mojaveRockArt
Surprise Tank Petroglyphs,34.6773,-116.6218,mojaveRockArt
Barker Dam Petroglyph Cave,34.0192,-116.1587,mojaveRockArt
Rattlesnake Canyon Rock Art,34.07,-116.14,mojaveRockArt
"""Hidden Cave"" Pictographs",34.03,-116.18,mojaveRockArt
"Slab Rock Shelter & ""Red Lady"" Pictograph",34.025,-116.165,mojaveRockArt
Burham Canyon Polychrome Pictographs (CA-KER-273),34.97,-118.52,mojaveRockArt
Ritter Ranch Pictograph Site (CA-LAN-947),34.56,-118.22,mojaveRockArt
Big Rock Creek Rock Art (CA-LAN-447/723),34.44,-117.87,mojaveRockArt
Temet Osraniek / Shea's Castle (CA-LAN-721),34.51,-118.07,mojaveRockArt
⊙ Anaverde Hills Cupule Complex (CA-LAN-1767/1768/3343),34.55,-118.18,mojaveRockArt
⊙ Sierra Pelona Cupule Complex (CA-LAN-540),34.59,-118.4,mojaveRockArt
Grandview Canyon Rock Art,34.37,-117.95,mojaveRockArt
Piute Butte Rock Art Complex (CA-LAN-1731 & 2096),34.76,-117.92,mojaveRockArt
Wolf's Rock Pile (CA-LAN-2368),34.6,-117.98,mojaveRockArt
Afton Canyon Rock Art,35.0427,-116.38,mojaveRockArt
Rock Art Traditions of the Mojave Desert,35.0,-116.5,mojaveRockArt
Pleito (CA-KER-77) — Polychrome Masterwork,34.884,-119.13,hulkuhkuPicto
Pond — Largest K-locale on the Preserve,34.918,-119.145,hulkuhkuPicto
Three Springs — Polychrome Cave with Blue Pigment,34.94,-119.12,hulkuhkuPicto
Santiago — The Monolith & Spring,34.905,-119.17,hulkuhkuPicto
Los Lobos — Polychrome Shelters on the Ridge,34.912,-119.155,hulkuhkuPicto
Chimney Springs — Oak Terrace Monolith,34.925,-119.135,hulkuhkuPicto
Pinwheel Cave — Ridge-Crest Complex,34.895,-119.09,hulkuhkuPicto
Pebble — BRM K-locale with Pictographs,34.91,-119.148,hulkuhkuPicto
Salt Creek Pictographs,34.93,-119.15,hulkuhkuPicto
San Emigdio Isolate — Canyon Conduit,34.9,-119.15,hulkuhkuPicto
Letter Cave,34.917,-119.142,hulkuhkuPicto
Lizard Cave,34.9175,-119.144,hulkuhkuPicto
Echo,34.916,-119.138,hulkuhkuPicto
Lost Canyon — Black-Linear Outlier,34.89,-119.18,hulkuhkuPicto
Lonely Pine — Black-Linear Outlier,34.888,-119.08,hulkuhkuPicto
Coso Petroglyphs — Competing Interpretations,35.95,-117.7,greatBasinRockArt
"Robinson 2010: ""Land Use, Land Ideology""",34.91,-119.13,hulkuhkuPicto
CA-ALA-60 — Castro Valley Cupule Complex,37.694,-122.085,diabloCupules
CA-ALA-339 — Crow Creek Cupules,37.728,-122.045,diabloCupules
CA-ALA-398 — Ridge Crest Cupules,37.56,-121.735,diabloCupules
CA-ALA-400 — Canyon Milling Cupules,37.57,-121.72,diabloCupules
CA-ALA-412 — Ridge Crest Cupules,37.585,-121.75,diabloCupules
CA-ALA-418 — Ridge Milling Cupules,37.575,-121.76,diabloCupules
CA-CCO-9 — Mt. Diablo Streamside Cupules,37.88,-121.96,diabloCupules
CA-CCO-21 — Mt. Diablo Canyon,37.87,-121.905,diabloCupules
CA-CCO-125/353 — Major PCN & Cupule Complex,37.931,-122.317,diabloCupules
CA-CCO-152 — El Cerrito Cupule Complex,37.935,-122.322,diabloCupules
CA-CCO-320 — Round Valley Cupules,37.845,-121.785,diabloCupules
CA-CCO-369 — Basaltic Greenstone Cupule,37.84,-121.8,diabloCupules
CA-CCO-375 — Canyon Milling Cupules,37.852,-121.87,diabloCupules
CA-CCO-382 — Spring Milling Cupules,37.855,-121.865,diabloCupules
CA-CCO-383 — Canyon Paired Cupules,37.857,-121.863,diabloCupules
CA-CCO-384 — Solitary Cupule,37.856,-121.864,diabloCupules
CA-CCO-394 — Isolated Canyon Cupule,37.878,-121.942,diabloCupules
CA-CCO-395 — Spring Milling Complex,37.858,-121.862,diabloCupules
CA-CCO-416 — Streamside Cupule Complex,37.86,-121.858,diabloCupules
CA-CCO-424 — Isolated Ridge Cupule,37.862,-121.85,diabloCupules
CA-CCO-428 — Spring Ridge Cupule Complex,37.868,-121.852,diabloCupules
CA-CCO-429 — Ridge Milling Cupules,37.855,-121.855,diabloCupules
CA-CCO-430 — Ridge Crest Solitary Cupule,37.863,-121.845,diabloCupules
CA-CCO-450 — Canyon Streamside Milling,37.875,-121.935,diabloCupules
CA-CCO-462 — Hillside Milling Cupules,37.885,-121.928,diabloCupules
CA-CCO-469 — Hillside Cupule Cluster,37.89,-121.92,diabloCupules
CA-CCO-482 — Spring Ridge Solitary Cupule,37.864,-121.842,diabloCupules
CA-CCO-486 — Ridge Saddle Solitary Cupule,37.866,-121.84,diabloCupules
CA-CCO-487 — Ridge Saddle Milling Complex,37.865,-121.841,diabloCupules
CA-CCO-530 — Ridge Crest Conglomerate Cupules,37.867,-121.838,diabloCupules
CA-CCO-531 — Ridge Crest Sandstone Cupules,37.869,-121.836,diabloCupules
CA-KIN-15 — Kings County Streamside Cupules,36.075,-120.13,diabloCupules
CA-MER-14 — Valley Streamside Cupules,37.06,-121.1,diabloCupules
CA-MER-15 — Pacheco Pass Yokuts Cupule Site,37.055,-121.09,diabloCupules
CA-MER-19 — Streamside Cupules,37.052,-121.085,diabloCupules
CA-MER-21 — Oak Woodland Cupules,37.048,-121.095,diabloCupules
CA-MER-24 — Streamside Cupules,37.05,-121.092,diabloCupules
CA-MER-38 — San Luis Reservoir Yokuts Cupule Site,37.046,-121.11,diabloCupules
CA-MER-130 — Pacheco Pass Upland Cupule Site,37.053,-121.088,diabloCupules
CA-MER-186 — Highland Spring Cupules,37.065,-121.07,diabloCupules
CA-MER-192 — Canyon Spring Cupules,37.063,-121.068,diabloCupules
CA-MER-195 — Oak Woodland Streamside,37.058,-121.075,diabloCupules
CA-SBN-10 — Knoll Top Rockshelter Cupules,36.545,-121.085,diabloCupules
CA-SBN-21 — Hillside Cupules,36.62,-121.18,diabloCupules
CA-SBN-29 — Rockshelter Cupules,36.59,-121.15,diabloCupules
CA-SBN-42 — Canyon Hillside Cupules,36.61,-121.17,diabloCupules
CA-SBN-43 — Canyon Streamside Cupules,36.605,-121.165,diabloCupules
CA-SBN-47 — San Benito Mountain Area,36.53,-121.07,diabloCupules
CA-SCL-40 — Canyon Streamside Cupules,37.2,-121.56,diabloCupules
CA-SCL-43 — Canyon Streamside Cupules,37.18,-121.54,diabloCupules
CA-SCL-48 — Major Hillside Rock Art Site,37.17,-121.53,diabloCupules
CA-SCL-50 — Canyon Spring Cupules,37.175,-121.535,diabloCupules
CA-SCL-100 — Hillside Spring Cupules,37.23,-121.6,diabloCupules
CA-SCL-373 — Oak Woodland Streamside,37.16,-121.49,diabloCupules
CA-SCL-404 — Ridge Cupules,37.19,-121.52,diabloCupules
CA-SCL-408 — Canyon Cupules,37.215,-121.55,diabloCupules
CA-SCL-451 — Canyon Cupules,37.165,-121.485,diabloCupules
CA-SCL-496 — Henry Coe Spring Cupules,37.195,-121.51,diabloCupules
CA-SCL-499 — Black Oak Grove Cupules,37.21,-121.53,diabloCupules
CA-SCL-500 — Streamside Milling & Cupules,37.185,-121.505,diabloCupules
CA-SCL-501 — Chert Quarry Spring Cupules,37.192,-121.508,diabloCupules
CA-SCL-502 — Split Boulder Patterned Cupules,37.188,-121.502,diabloCupules
CA-SCL-503 — PCN & Schist Quarry Complex,37.183,-121.498,diabloCupules
CA-SCL-594 — Perennial Stream Occupation Site,37.198,-121.515,diabloCupules
CA-SCL-595 — Blueschist Cupule & Incised Complex,37.193,-121.5,diabloCupules
CA-STA-33 — Canyon Occupation Cupules,37.14,-121.42,diabloCupules
CA-STA-118 — Hillside Spring Occupation,37.13,-121.43,diabloCupules
CA-STA-127 — Canyon Streamside Cupules,37.135,-121.425,diabloCupules
CA-STA-129 — Canyon Streamside Occupation,37.132,-121.428,diabloCupules
CA-STA-134 — Mesa Top Milling Cupules,37.11,-121.38,diabloCupules
CA-STA-135 — Mesa Face Rockshelter Cupule,37.108,-121.378,diabloCupules
CA-STA-136 — Mesa Face Rockshelter Cupules,37.106,-121.376,diabloCupules
CA-STA-137 — Mesa Face Rockshelter Cupule,37.104,-121.374,diabloCupules
CA-STA-195 — Graywacke Milling & Cupule Station,37.155,-121.46,diabloCupules
CA-STA-201 — Limestone Stream Milling Complex,37.148,-121.45,diabloCupules
CA-STA-218 — Major Glaucophane Schist Cupule & Mortar Complex,37.15,-121.455,diabloCupules
Diablo Range — Ethnographic Context,37.9,-121.95,diabloCupules
Iny-28 — Bishop Area,37.38,-118.4,ecaInyoPetro
Iny-194 — Laws Area,37.41,-118.35,ecaInyoPetro
Iny-208 — Volcanic Tableland / Chalfant Valley,37.52,-118.35,ecaInyoPetro
Iny-214,37.3,-118.3,ecaInyoPetro
Iny-261,37.2,-118.28,ecaInyoPetro
Iny-267 — Big Pine Area,37.17,-118.29,ecaInyoPetro
Iny-268,37.15,-118.25,ecaInyoPetro
Iny-270,37.1,-118.22,ecaInyoPetro
Iny-271 — Near Coso Range,36.5,-117.85,ecaInyoPetro
Iny-272 — Swansea Petroglyphs (Solar Observatory),36.6,-117.9,ecaInyoPetro
Iny-274,36.55,-117.95,ecaInyoPetro
Iny-275,36.7,-118.05,ecaInyoPetro
Iny-276,36.72,-118.02,ecaInyoPetro
Iny-278,36.75,-118,ecaInyoPetro
Iny-280,36.78,-117.98,ecaInyoPetro
Iny-281,36.8,-117.96,ecaInyoPetro
Iny-282,36.82,-118.1,ecaInyoPetro
Iny-283,36.85,-118.08,ecaInyoPetro
Iny-285,36.88,-118.12,ecaInyoPetro
Iny-300,36.92,-118.15,ecaInyoPetro
Iny-363,36.95,-118.18,ecaInyoPetro
Iny-393,37,-118.22,ecaInyoPetro
Iny-410,37.05,-118.2,ecaInyoPetro
Iny-420,37.08,-118.25,ecaInyoPetro
Iny-425,37.12,-118.28,ecaInyoPetro
Iny-429,37.15,-118.3,ecaInyoPetro
Iny-439,36.6,-118.06,ecaInyoPetro
Ch-71 — Deer Creek Canyon (Appendix E),40.85,-115.75,ecaInyoPetro
El-25 — Elko County Petroglyph,40.82,-115.8,ecaInyoPetro
Las-1 — Pit River drainage,40.75,-120.55,ecaLassenPetro
Las-13 — Central Lassen,40.7,-120.5,ecaLassenPetro
Las-18 — Susan River area,40.68,-120.6,ecaLassenPetro
Las-38 — Southern Lassen,40.6,-120.65,ecaLassenPetro
Las-49 — Honey Lake area,40.55,-120.7,ecaLassenPetro
Las-57 — Eagle Lake area,40.5,-120.45,ecaLassenPetro
Las-61,40.45,-120.4,ecaLassenPetro
Las-62,40.42,-120.35,ecaLassenPetro
Las-63,40.4,-120.55,ecaLassenPetro
Las-76 — Northern Lassen,40.78,-120.48,ecaLassenPetro
Las-79 — Near Modoc border,40.8,-120.52,ecaLassenPetro
Petroglyph Point — Lava Beds National Monument,41.71,-121.52,ecaModocPetro
Mod-10,41.65,-121.2,ecaModocPetro
Mod-19 — Central Modoc,41.55,-121.1,ecaModocPetro
Mod-30,41.5,-121,ecaModocPetro
Mod-41,41.45,-120.95,ecaModocPetro
Mod-61,41.4,-121.15,ecaModocPetro
Mod-71,41.6,-121.3,ecaModocPetro
Mno-6 — Near Mono Lake,38.1,-119.05,ecaMonoPetro
Mno-15,38.05,-119.1,ecaMonoPetro
Mno-60,37.95,-119.15,ecaMonoPetro
Mno-300,37.9,-118.95,ecaMonoPetro
Plu-26 — Plumas County,39.95,-120.95,ecaPlumasPetro
Plu-2,40,-120.9,ecaPlumasPetro
Birch Point / Clark's Point — Main Ledge,44.683,-67.372,mainePetro
Birch Point — Outer Ledge,44.682,-67.369,mainePetro
Holmes Point Petroglyphs,44.688,-67.345,mainePetro
Hog Island Petroglyphs,44.68,-67.355,mainePetro
Long Point Petroglyphs (Conserved 2013),44.695,-67.38,mainePetro
Offshore Island Petroglyphs (Discovered 1999),44.67,-67.36,mainePetro
European Ship Petroglyphs (Sites 62.46 & 62.47),44.676,-67.362,mainePetro
"Embden Petroglyphs / ""Indian Rock""",44.87,-69.8,mainePetro
Hodgdon Archaeological Site (MAS 69.4),44.868,-69.799,mainePetro
Grand Lake Stream Petroglyphs (Site 94.32),45.178,-67.776,mainePetro
Pictograph Site — Southwestern Maine,44.2,-70.4,mainePickto
Pictograph Site — Saco River Area,44,-70.6,mainePickto
Style 1 — Paired Anthropomorphs (3000–2200 B.P.),44.684,-67.374,maineStyles
Styles 2 & 3 — Spirit Merging (2200–1660 B.P.),44.681,-67.356,maineStyles
Styles 4 & 5 — Elaborate & Active Figures (1500–600 B.P.),44.68,-67.354,maineStyles
Style 6 — Contact Period (700–300 B.P.),44.683,-67.37,maineStyles
Dighton Rock,41.82,-71.12,wampanoagPetro
Assawompset Pond Petroglyphs,41.85,-70.88,wampanoagPetro
Hand Rock — Middleboro,41.9,-70.92,wampanoagPetro
Chestnut Street Hand Petroglyphs,41.895,-70.905,wampanoagPetro
Great Rock — Up to 5 Hand Petroglyphs,41.91,-70.93,wampanoagPetro
"Mark Rock (Warwick, RI)",41.72,-71.4,wampanoagPetro
Kejimkujik Lake Petroglyphs — Mi'kmaq,44.3833,-65.2167,tbdRockArt
Peterborough Petroglyphs — Kinoomaagewaabkong,44.6206,-78.0461,tbdRockArt
Big Indian Rock — Safe Harbor Petroglyphs,39.92,-76.39,tbdRockArt
Little Indian Rock — Safe Harbor Petroglyphs,39.918,-76.388,tbdRockArt
"Safe Harbor — Footprint, Circle & Eagle Rocks",39.919,-76.392,tbdRockArt
Nemasket River Thunderbird Boulder,41.84,-70.95,tbdRockArt
Assawompset Lake Thunderbird,41.87,-70.92,tbdRockArt
"[haudenosaunee, wabanaki / pictograph]",43.1335,-72.444,ctrRockArt
[wabanaki / petroglyph],42.77,-72.67,ctrRockArt
[lenape / petroglyph],41.26,-74.02,bhcRockArt
[esopus / petroglyph],41.917,-73.912,bhcRockArt
Lake Pend Oreille Petroglyphs — Bear Paw Rock,48.08,-116.45,plateauRockArt
Priest Lake Pictograph — Kalispell Bay,48.5,-116.85,plateauRockArt
Little Spokane River Pictographs (Surviving),47.78,-117.53,plateauRockArt
Petroglyph Canyon — THOUSANDS SUBMERGED (1957),45.7,-121.13,plateauRockArt
Picture Rocks Bay — SUBMERGED 1964,46.95,-120.1,plateauRockArt
"Snake River Archaeological District — 8,000 Years",46.22,-116.88,plateauRockArt
Mid-Columbia Submerged Rock Art — The Cundy Record,46.87,-119.99,plateauRockArt
High Rock Canyon,41.1,-119.35,nvRockArtPaleo
Eastgate Cave Area,39.32,-117.82,nvRockArtArchaic
Lahontan Reservoir Petroglyphs,39.47,-119.1,nvRockArtArchaic
Coaldale / Silver Peak Range,38.05,-117.85,nvRockArtArchaic
Ash Springs Rock Art,37.46,-115.19,nvRockArtArchaic
Kane Springs Valley,37.55,-114.95,nvRockArtArchaic
21 Goats Panel,36.5,-114.19,nvRockArtArchaic
Gold Butte Rock Art,36.38,-114.22,nvRockArtArchaic
Hiko Springs / Upper Pahranagat,37.58,-115.22,nvRockArtArchaic
"Nevada Rock Art: A 15,000-Year Visual Record",39.5,-117.5,nvRockArtArchaic
Rainbow Canyon,37.62,-114.48,nvRockArtFremont
Baker Archaeological Site,39.01,-114.12,nvRockArtFremont
Meadow Valley Wash Rock Art,37.8,-114.55,nvRockArtFremont
White Pine Fremont Sites,38.5,-114.55,nvRockArtFremont
Ghost Dance–Era Rock Art (Walker River region),38.88,-118.85,nvRockArtLate
Muddy Mountains Rock Art,36.42,-114.67,nvRockArtLate
Beowawe / Geyser Ranch Petroglyphs,40.58,-116.47,nvRockArtLate
Tonopah Area Rock Art,38.07,-117.22,nvRockArtLate
Pah Rah Range — High Basin Petroglyph ACEC,39.67,-119.58,spiritRockArt
Chickering Petroglyphs — Shamanic Rock Art,39.306,-120.344,spiritRockArt
Kyburz Flat — Cupule Petroglyphs,39.554,-120.215,spiritRockArt
Meadow Lake Petroglyphs — NRHP Listed,39.443,-120.506,spiritRockArt
North Fork American River — Rock Art Corridor,39.432,-120.243,spiritRockArt
